video_title,video_ids,text_display,like_count
라모스 진피즈 챌린지 / 지목해주신 @요사장TV 님 감사합니다...^^,NvTN0xkWlEc,disabled comments,0
탱커레이 no.10 활용 / 상큼한 칵테일 만들기🌿,5Ms57bZPqcM,disabled comments,0
티 리큐르 활용하기🌱 / 녹차&홍차 리큐르,1KpesGaUzaM,disabled comments,0
새로 산 술 뜯어보기,JGde_Ufv_qI,disabled comments,0
오렌지 리큐르 특집 / 네 가지 큐라소 칵테일,TsQR5MX7woE,disabled comments,0
맑고 아름다운 압생트로 만드는 칵테일,r2aSLzsesEU,disabled comments,0
피트 매니아들 모여모여! 피트 향 가득한 칵테일,j1qM2ogJWrs,disabled comments,0
가지각색 무지개 칵테일 만들기,azQ89nKo-rE,disabled comments,0
새해 복 많이 받으세요! 7일7술 / 집에서 해먹은 술 모음 #11,dNlHGKjWWZU,disabled comments,0
메리크리스마스!!! 출간 기념 이벤트🎄💕,KenoHursSes,disabled comments,0
"꼭 마셔봐야 하는 위스키 베이스 칵테일, 갓파더 / 쉽고 맛있게 즐기기!",0kkredqf4aY,disabled comments,0
❄️크리스마스 분위기 나는 칵테일 만들기!🎄,WELbqdkqFxY,disabled comments,0
보드카 알차게 마시기!,Yo1IhbQdN90,disabled comments,0
겨울을 위한 따뜻한 칵테일 4가지,J09reqatUY4,disabled comments,0
구독자분들의 고민과 사연읽고 칵테일 만들기 / 코스터 이벤트,PyCIpgqmeM0,disabled comments,0
술 못마시는 사람에게 빙의하는 날 / 논알콜 칵테일 #2,h8rDZNB8pr0,disabled comments,0
최애 칵테일 마가리타 4가지 만들기 / 마가리타 특집!,5vnCRg83p2w,disabled comments,0
예쁜 핑크자몽 & 피치 칵테일 만들기! (with 볼스),WWndLp9SiNw,disabled comments,0
오랜만의 7일7술 / 집에서 해먹은 술 모음 #10,bmawWeWFaEE,disabled comments,0
달콤 쌉싸름한 오렌지 향 술 / 아페롤 / 이달의 술추천 #10,n8qYgQKxv4E,disabled comments,0
술꾼의 책 추천! / 여덟 가지 책들,DCW_eG0SKTU,disabled comments,0
포트넘 앤 메이슨의 홍차로 만드는 세 가지 티 칵테일,2Y1UIKmieRU,disabled comments,0
시원한 뮬 네 가지 만들기!,flaCIDq3SwQ,disabled comments,0
진 알차게 마시기!,4F7OKLLh05k,disabled comments,0
여름의 마지막! 새콤달콤 청귤 칵테일 만들기,PIL_c4b2_CU,disabled comments,0
그린 티 진 피즈 #Shorts,pMZHfgP9ErY,disabled comments,0
최애 칵테일 마티니 6가지 만들기! / 마티니 특집🍸,9sMKQWJFcBI,disabled comments,0
하이볼로 보내는 무더운 여름,lm1dlq9b8sI,disabled comments,0
진&바질&민트스매시 #Shorts,9Zw_ViTTU7Y,disabled comments,0
"질문과 답변 #2 / 술 관리, 칵테일 레시피, 집에 있는 술장 함께 보기",X3DfaISAycc,disabled comments,0
"기초 질문과 답변 #1 / 꼭 필요한 도구&잔, 시럽, 가니쉬, 술&비터 / 도구와 재료",sms8F1djTXQ,disabled comments,0
푸릇푸릇 싱그러운 칵테일 만들기🌿,4Pqm1KgYtXU,disabled comments,0
알록달록한 트로피컬 칵테일 만들기🍹,u4BMxqw-AIk,disabled comments,0
휴양지 느낌 칵테일 / 바베이도스 서프라이즈 #Shorts,1T-iDBsKohY,disabled comments,0
달콤한 복숭아 맛 가득!🍑 피치트리를 활용한 칵테일 5가지,CCKd85lojPo,disabled comments,0
카이피리냐 만들기 #Shorts,QLsUN-1gDC8,disabled comments,0
🥃 올드패션드 네가지 만들기,olduOPRWUQM,disabled comments,0
주류박람회에 다녀 왔어요,gzv8fo55HNk,disabled comments,0
취향존중이 필요한 칵테일 #2,3eGUAtOvdOc,disabled comments,0
🥂화이트와인으로 네가지 칵테일 만들기!,uC1JI2yJyQI,disabled comments,0
헤이먼스 진 4종 리뷰 / 이달의 술추천 #9,xH7yOILktZk,disabled comments,0
내 MBTI 성격유형에 맞는 칵테일 찾기!,eiyEbeZgqmE,disabled comments,0
예쁜 얼음 얼리기 / 얼음 영상 #2,pKe8EflrJwI,disabled comments,0
술 + 쉬이이이원한 탄산은 못참지 (with 싱하소다워터),WQjnhpVMe54,disabled comments,0
촬영 전날 조용히 칵테일 만들어보는 영상 / 더빙x,RUm6MDFu470,disabled comments,0
피스코 / 이달의 술추천 #8,duNq0mNNwAc,disabled comments,0
위스키 입문용으로 강추! 글렌리벳 12년 / 함께 알아보는 위스키 #1,BiLHoo2sgSE,disabled comments,0
맛있는 안주와 술🤤 / 집에서 해먹은 술 모음 #9,lAk5yD1MUqE,disabled comments,0
🍓 딸기를 잔뜩 마시자! / 딸기 칵테일 5가지,ixsAYP7B3xM,disabled comments,0
칵테일 만들 때 자주 쓰는 잔들을 소개합니다!,nLdDkg0NDxY,disabled comments,0
라거? 에일? 내 최애 맥주는? / 와인앤모어 맥주 리뷰 #1,NvTN0xkWlEc,disabled comments,0
화요로 만드는 네가지 간단칵테일!,5Ms57bZPqcM,disabled comments,0
술...그리고 안주..⭐️ / 집에서 해먹은 술 모음 #8,1KpesGaUzaM,disabled comments,0
새로운 싱글톤으로 두 가지 칵테일 만들기! / 색다른 안주와 함께 즐기자,JGde_Ufv_qI,disabled comments,0
사워 특집 / 네 가지 사워 만들기,TsQR5MX7woE,disabled comments,0
Gs25 나만의 냉장고 어플 리뷰 / 어플로 술 주문하기,r2aSLzsesEU,disabled comments,0
열 가지 진을 알아보자 / 진 10종 리뷰,j1qM2ogJWrs,disabled comments,0
피즈 특집 / 여섯 가지 피즈 만들기!,azQ89nKo-rE,disabled comments,0
새해 7일7술 / 집에서 해먹은 술 모음 #7,dNlHGKjWWZU,disabled comments,0
칵테일 하나에 재료 10개... 냉장고를 털어버리자!,KenoHursSes,disabled comments,0
캄파리 특집 / 캄파리로 다섯 가지 칵테일 만들기,0kkredqf4aY,disabled comments,0
오랜만에 와인 마신 날!🍷 / 이달의 술추천 #7,WELbqdkqFxY,disabled comments,0
다들 연휴 잘 보내셨나요? / 여름 마지막 7일7술 / 집에서 해먹은 술 모음 #6,Yo1IhbQdN90,disabled comments,0
"부드러움의 끝판왕, 계란 흰자가 들어가는 칵테일 만들기",J09reqatUY4,disabled comments,0
🍷칵테일과 함께 집에서 홈파티!🍷 / Shakit x RiniBini #2,PyCIpgqmeM0,disabled comments,0
슬로 진 특집(비니의 추천),h8rDZNB8pr0,disabled comments,0
빈 병으로 컵 만들고 그 컵에 칵테일 만들기,5vnCRg83p2w,disabled comments,0
마트에서 보자마자 질러버린 술.. / 이달의 술추천 #6,WWndLp9SiNw,disabled comments,0
취향 존중이 필요한 칵테일 4선,bmawWeWFaEE,disabled comments,0
요즘 너무 덥죠? 칵테일 한 잔 합시다 / 집에서 해먹은 술 모음 #5 / 7일 7술,n8qYgQKxv4E,disabled comments,0
"혼자서 마시는 상황별 칵테일 / 비 오는 날, 휴일, 더운 밤, 잠 안 오는 새벽, 영화볼 때",DCW_eG0SKTU,disabled comments,0
갬성을 자극하는 핑크색 칵테일 만들기..🌸,2Y1UIKmieRU,disabled comments,0
더운 날 만들어 먹은 안주 모음 / 안주 만드는 영상 #3,flaCIDq3SwQ,disabled comments,0
☔️비오는 날 전과 함께 전통주 / 이달의 술추천 #5,4F7OKLLh05k,disabled comments,0
먹으면서 보낸 휴가 일상 (feat.고양이 자랑),PIL_c4b2_CU,disabled comments,0
"🌱티 칵테일 만들기 / 홍차, 녹차, 히비스커스 티",pMZHfgP9ErY,disabled comments,0
칵테일 키트 들고 피크닉가기🌼 / Shakit X RiniBini,9sMKQWJFcBI,disabled comments,0
여름엔 달달술과 달달안주 / 이달의 술추천 #4,lm1dlq9b8sI,disabled comments,0
맛있는 리큐르로 간단한 칵테일 만들기 / 리큐르추천#2,9Zw_ViTTU7Y,disabled comments,0
바로 그 코코넛 칵테일🍍 / 코코넛밀크 칵테일 만들기,X3DfaISAycc,disabled comments,0
"더운 여름, 시원한 모히토 한잔 하쉴~?🌱/ 네 가지 모히토 만들기",sms8F1djTXQ,disabled comments,0
시험기간에도 술 못 잃는 사람 / 집에서 해먹은 술 모음 #4,4Pqm1KgYtXU,disabled comments,0
바나나 리큐르로 만든 맛있는 칵테일.......은 없었다고 한다 / 바나나 리큐르 활용하기,u4BMxqw-AIk,disabled comments,0
카시스 + 우롱차 + 볶음요리 = 짱맛탱 / 이달의 술추천 #3,1T-iDBsKohY,disabled comments,0
더워지니까 술이 더 마시고 싶어요 / 집에서 해먹은 술 모음 #3,CCKd85lojPo,disabled comments,0
바다 가고 싶다..🐳/ 바다 느낌 칵테일,QLsUN-1gDC8,disabled comments,0
🍉보기만 해도 여름 느낌나는 트로피컬 칵테일🍍,olduOPRWUQM,disabled comments,0
🌸리치 리큐르 콰이페로 칵테일 만들기🌸,gzv8fo55HNk,disabled comments,0
만들어 먹은 안주모음! / 안주 만드는 영상 #2,3eGUAtOvdOc,disabled comments,0
혹시 지금 술 마시고 있는 사람..? 그건 바로 ㄴr... / 집에서 해먹은 술 모음 #2,uC1JI2yJyQI,disabled comments,0
집에 있는 꿀.유자.밤으로 맛있는 칵테일 만들기😎,xH7yOILktZk,disabled comments,0
최애 맥주&안주 추천!!!!! / 이달의 술추천 #2,eiyEbeZgqmE,disabled comments,0
소주로 칵테일 만들기,pKe8EflrJwI,disabled comments,0
방콕하며 연명하기 위한 반찬 만들기,WQjnhpVMe54,disabled comments,0
데킬라 맛있게 먹는법! / 데킬라로 다섯 가지 칵테일 만들기🍸,RUm6MDFu470,disabled comments,0
얼음 깎는 노인,duNq0mNNwAc,disabled comments,0
나는 오늘도 술을 ㅁㅏ신ㄷr...⭐️/ 집에서 해먹은 술 모음 #1,BiLHoo2sgSE,disabled comments,0
침샘 자극하는 오늘의 향💖달큰한 시나몬 향 츄러스 칵테일(Churros) / 리니비니 X 데메테르 #2,lAk5yD1MUqE,disabled comments,0
술마신 다음날 술로 해장한다!!! 해장 칵테일 만들기,ixsAYP7B3xM,disabled comments,0
자주 해먹는 안주 모음! / 안주 만드는 영상#1,nLdDkg0NDxY,disabled comments,0
라거? 에일? 내 최애 맥주는? / 와인앤모어 맥주 리뷰 #1,NvTN0xkWlEc,disabled comments,0
화요로 만드는 네가지 간단칵테일!,5Ms57bZPqcM,disabled comments,0
술...그리고 안주..⭐️ / 집에서 해먹은 술 모음 #8,1KpesGaUzaM,disabled comments,0
새로운 싱글톤으로 두 가지 칵테일 만들기! / 색다른 안주와 함께 즐기자,JGde_Ufv_qI,disabled comments,0
사워 특집 / 네 가지 사워 만들기,TsQR5MX7woE,disabled comments,0
Gs25 나만의 냉장고 어플 리뷰 / 어플로 술 주문하기,r2aSLzsesEU,disabled comments,0
열 가지 진을 알아보자 / 진 10종 리뷰,j1qM2ogJWrs,disabled comments,0
피즈 특집 / 여섯 가지 피즈 만들기!,azQ89nKo-rE,disabled comments,0
새해 7일7술 / 집에서 해먹은 술 모음 #7,dNlHGKjWWZU,disabled comments,0
칵테일 하나에 재료 10개... 냉장고를 털어버리자!,KenoHursSes,disabled comments,0
캄파리 특집 / 캄파리로 다섯 가지 칵테일 만들기,0kkredqf4aY,disabled comments,0
오랜만에 와인 마신 날!🍷 / 이달의 술추천 #7,WELbqdkqFxY,disabled comments,0
다들 연휴 잘 보내셨나요? / 여름 마지막 7일7술 / 집에서 해먹은 술 모음 #6,Yo1IhbQdN90,disabled comments,0
"부드러움의 끝판왕, 계란 흰자가 들어가는 칵테일 만들기",J09reqatUY4,disabled comments,0
🍷칵테일과 함께 집에서 홈파티!🍷 / Shakit x RiniBini #2,PyCIpgqmeM0,disabled comments,0
슬로 진 특집(비니의 추천),h8rDZNB8pr0,disabled comments,0
빈 병으로 컵 만들고 그 컵에 칵테일 만들기,5vnCRg83p2w,disabled comments,0
마트에서 보자마자 질러버린 술.. / 이달의 술추천 #6,WWndLp9SiNw,disabled comments,0
취향 존중이 필요한 칵테일 4선,bmawWeWFaEE,disabled comments,0
요즘 너무 덥죠? 칵테일 한 잔 합시다 / 집에서 해먹은 술 모음 #5 / 7일 7술,n8qYgQKxv4E,disabled comments,0
"혼자서 마시는 상황별 칵테일 / 비 오는 날, 휴일, 더운 밤, 잠 안 오는 새벽, 영화볼 때",DCW_eG0SKTU,disabled comments,0
갬성을 자극하는 핑크색 칵테일 만들기..🌸,2Y1UIKmieRU,disabled comments,0
더운 날 만들어 먹은 안주 모음 / 안주 만드는 영상 #3,flaCIDq3SwQ,disabled comments,0
☔️비오는 날 전과 함께 전통주 / 이달의 술추천 #5,4F7OKLLh05k,disabled comments,0
먹으면서 보낸 휴가 일상 (feat.고양이 자랑),PIL_c4b2_CU,disabled comments,0
"🌱티 칵테일 만들기 / 홍차, 녹차, 히비스커스 티",pMZHfgP9ErY,disabled comments,0
칵테일 키트 들고 피크닉가기🌼 / Shakit X RiniBini,9sMKQWJFcBI,disabled comments,0
여름엔 달달술과 달달안주 / 이달의 술추천 #4,lm1dlq9b8sI,disabled comments,0
맛있는 리큐르로 간단한 칵테일 만들기 / 리큐르추천#2,9Zw_ViTTU7Y,disabled comments,0
바로 그 코코넛 칵테일🍍 / 코코넛밀크 칵테일 만들기,X3DfaISAycc,disabled comments,0
"더운 여름, 시원한 모히토 한잔 하쉴~?🌱/ 네 가지 모히토 만들기",sms8F1djTXQ,disabled comments,0
시험기간에도 술 못 잃는 사람 / 집에서 해먹은 술 모음 #4,4Pqm1KgYtXU,disabled comments,0
바나나 리큐르로 만든 맛있는 칵테일.......은 없었다고 한다 / 바나나 리큐르 활용하기,u4BMxqw-AIk,disabled comments,0
카시스 + 우롱차 + 볶음요리 = 짱맛탱 / 이달의 술추천 #3,1T-iDBsKohY,disabled comments,0
더워지니까 술이 더 마시고 싶어요 / 집에서 해먹은 술 모음 #3,CCKd85lojPo,disabled comments,0
바다 가고 싶다..🐳/ 바다 느낌 칵테일,QLsUN-1gDC8,disabled comments,0
🍉보기만 해도 여름 느낌나는 트로피컬 칵테일🍍,olduOPRWUQM,disabled comments,0
🌸리치 리큐르 콰이페로 칵테일 만들기🌸,gzv8fo55HNk,disabled comments,0
만들어 먹은 안주모음! / 안주 만드는 영상 #2,3eGUAtOvdOc,disabled comments,0
혹시 지금 술 마시고 있는 사람..? 그건 바로 ㄴr... / 집에서 해먹은 술 모음 #2,uC1JI2yJyQI,disabled comments,0
집에 있는 꿀.유자.밤으로 맛있는 칵테일 만들기😎,xH7yOILktZk,disabled comments,0
최애 맥주&안주 추천!!!!! / 이달의 술추천 #2,eiyEbeZgqmE,disabled comments,0
소주로 칵테일 만들기,pKe8EflrJwI,disabled comments,0
방콕하며 연명하기 위한 반찬 만들기,WQjnhpVMe54,disabled comments,0
데킬라 맛있게 먹는법! / 데킬라로 다섯 가지 칵테일 만들기🍸,RUm6MDFu470,disabled comments,0
얼음 깎는 노인,duNq0mNNwAc,disabled comments,0
나는 오늘도 술을 ㅁㅏ신ㄷr...⭐️/ 집에서 해먹은 술 모음 #1,BiLHoo2sgSE,disabled comments,0
침샘 자극하는 오늘의 향💖달큰한 시나몬 향 츄러스 칵테일(Churros) / 리니비니 X 데메테르 #2,lAk5yD1MUqE,disabled comments,0
술마신 다음날 술로 해장한다!!! 해장 칵테일 만들기,ixsAYP7B3xM,disabled comments,0
자주 해먹는 안주 모음! / 안주 만드는 영상#1,nLdDkg0NDxY,disabled comments,0
한 잔으로 취해버리고 싶다면? 독한 칵테일 만들기👍,NvTN0xkWlEc,disabled comments,0
[옥탑방 일상] 집에서 만드는 칵테일 재료들!,5Ms57bZPqcM,disabled comments,0
🌊칵테일 가서 데메테르 한 잔? (카리브해 편)🐳 / 리니비니 X 데메테르 #1,1KpesGaUzaM,disabled comments,0
브라질의 국민술! 카샤사 & 카이피리냐 / 이달의 술추천 #1,JGde_Ufv_qI,disabled comments,0
오늘만은 술 못 먹는 자에게 빙의한다!! 논알콜 칵테일 만들기,TsQR5MX7woE,disabled comments,0
럼 하나로 만드는 칵테일 / 간단한 럼 베이스 칵테일🍸,r2aSLzsesEU,disabled comments,0
롱티 좋아하는 사람들 모여!!! 롱 아일랜드 아이스티 변형 칵테일 만들기,j1qM2ogJWrs,disabled comments,0
화제의 웹드라마 엑스엑스(XX) 집에서 따라해보기,azQ89nKo-rE,disabled comments,0
술을 사랑하는 자들의 Q&A,dNlHGKjWWZU,disabled comments,0
칵테일의 재료에는 무엇이 있을까?🧐/ 기주&음료&부재료&가니쉬 알기,KenoHursSes,disabled comments,0
🍑자주 쓰이는 과일 향 리큐르 추천!🍈/ 과일 리큐르로 새콤달콤한 과일맛 칵테일 만들기,0kkredqf4aY,disabled comments,0
[재업로드] 간단하고 예쁜 세 가지 칵테일 만들기🍋,WELbqdkqFxY,disabled comments,0
홈텐딩 도구& 칵테일 기법 소개🍸이건 필수로 알아야 해요!🔥,Yo1IhbQdN90,disabled comments,0
[마감]갑툭튀 구독자 이벤트💕,J09reqatUY4,disabled comments,0
"🍦배라 아이스크림 넣은 칵테일 만들기! / 친구들한테 만들어주면 인기쟁이~ㅎ /바닐라, 요거트, 이상한 나라의 솜사탕, 베리베리 스트로베리",PyCIpgqmeM0,disabled comments,0
🔥매콤달달 중독적인 술안주🍺꼬꼬아찌 숯불치킨 따라 만들어보기!,h8rDZNB8pr0,disabled comments,0
"우유가 들어가 달고 부드러운 칵테일🥛/ 깔루아밀크, 베일리스밀크, 화이트러시안, 캬라멜러시안",5vnCRg83p2w,disabled comments,0
간단하지만 있어보이는 술안주👍 / 집에서 감바스 만들어서 배부르게 먹기,WWndLp9SiNw,disabled comments,0
[마감]자몽&오렌지&키위청 이벤트🥝🍊/ 세가지 과일청 만들기,bmawWeWFaEE,disabled comments,0
가볍게 먹기 좋은 산뜻한 칵테일🌱/ 술 하나로 집에서 간단하게 만들자!,n8qYgQKxv4E,disabled comments,0
집술 고수가 알려주는 간단안주 모음,DCW_eG0SKTU,disabled comments,0
발렌타인데이 기념 칵테일 만들기 / 달고 부드러운 칵테일,2Y1UIKmieRU,disabled comments,0
[마감]늦어서 죄송한 300명 기념 소소한 이벤트 / 작은 선물...받아가쉴..? / 더보기란 필독!,flaCIDq3SwQ,disabled comments,0
칵테일은 이름이 야할수록 맛있다는게 사실일까?!🧐 / 바에서 주문하기 부끄북흐~😉이름이 야시꾸리한 칵테일,4F7OKLLh05k,disabled comments,0
🔥칼로리를 포기한다!!! 세가지 핫도그 만들기 / 살사핫도그 / 베이컨 핫도그,PIL_c4b2_CU,disabled comments,0
중국 현지에서 요리하기 / 까르푸에서 장보기! / 상하이 여행 #1,pMZHfgP9ErY,disabled comments,0
✨겨울백숙 끓이기 / 맛난 양념장 만들기 / 닭죽 끓이기 / 맛있게 만들고 맛있게 먹는 방법!!,9sMKQWJFcBI,disabled comments,0
"[마감]영상보고 🍓딸기청🍓 받아가세요! / 딸기청 만들기, 딸기청 칵테일! / 소소한 200명 구독자 이벤트",lm1dlq9b8sI,disabled comments,0
"❄️든든하고 간단한 간식, 계란빵 만들기 / 에어프라이어 / 겨울간식#2",9Zw_ViTTU7Y,disabled comments,0
"생강 맛, 카시스 맛 칵테일?🤔생소하지만 맛있는 칵테일 만들기!",X3DfaISAycc,disabled comments,0
만오천원 장봐서 초간단 7가지 반찬 만들기🍚 / 맛있게 먹는 꿀팁까지! / 한 상 차리기,sms8F1djTXQ,disabled comments,0
"❄️추운겨울, 간단한 어묵탕 만들기! / 따끈따끈 어묵탕 / 겨울간식 #1",4Pqm1KgYtXU,disabled comments,0
색이 변하는 칵테일! 💙💜모히또&진 피즈를 색다르게 마셔보자!,u4BMxqw-AIk,disabled comments,0
🍷크리스마스에 어울리는 칵테일 만들기🍸/ 리니비니 크리스마스 #4,1T-iDBsKohY,disabled comments,0
크리스마스 요리 / 스테이크 트리 만들기🍖 / 리니비니 크리스마스 #3,CCKd85lojPo,disabled comments,0
크리스마스 집 만들기! / 도안 공유 / 리니비니 크리스마스 #2,QLsUN-1gDC8,disabled comments,0
7가지 트리 장식으로 트리꾸미기! 도안도 다운받아가세요 / 리니비니 크리스마스 #1,olduOPRWUQM,disabled comments,0
100명 기념 아주 소소한 이벤트 / 선물 받아가쉴..?,gzv8fo55HNk,disabled comments,0
겨울과일 귤로 만드는 4가지 간단한 요리,3eGUAtOvdOc,disabled comments,0
손님들이 바에서 자주 주문하는 칵테일 만들기! 맛있는 칵테일을 만들어보아요 :),uC1JI2yJyQI,disabled comments,0
맛있는 다이어트 요리 3가지 만들기,xH7yOILktZk,disabled comments,0
중국당면떡볶이 맛있게 만들기 / 중국 향신료 라조장,eiyEbeZgqmE,disabled comments,0
간단하게 만드는 세 가지 마늘요리,pKe8EflrJwI,disabled comments,0
어느 날 갑자기 어떤 할아부지가.. / 집에 찾아온 노묘 고양이 / 애교만점,WQjnhpVMe54,disabled comments,0
[마켓컬리 간편식 리뷰] 상처만 남은 간편식(양식류) 리뷰😢,RUm6MDFu470,disabled comments,0
"[중국&대만 길거리음식] 쇼좌빙, 유타오 재료 주문해서 만들어먹기 / 자세한 리뷰!",duNq0mNNwAc,disabled comments,0
[마라탕 +  닭vs돼지vs해물] 뭐가 제일 맛있을까?,BiLHoo2sgSE,disabled comments,0
[xo굴림만두리뷰] 포장지 조리방법대로 먹어보기 / 만두 전골 만들기 / 초간장과 먹기,lAk5yD1MUqE,disabled comments,0
[할로윈파티#2] 폭립&순대볶음 만들기! / 파티비용 정리,ixsAYP7B3xM,disabled comments,0
[할로윈 파티#1] 호박으로 잭오랜턴🎃 만들기 / 할로윈 소품으로 파티룸 꾸미기!,nLdDkg0NDxY,disabled comments,0
한 잔으로 취해버리고 싶다면? 독한 칵테일 만들기👍,NvTN0xkWlEc,disabled comments,0
[옥탑방 일상] 집에서 만드는 칵테일 재료들!,5Ms57bZPqcM,disabled comments,0
🌊칵테일 가서 데메테르 한 잔? (카리브해 편)🐳 / 리니비니 X 데메테르 #1,1KpesGaUzaM,disabled comments,0
브라질의 국민술! 카샤사 & 카이피리냐 / 이달의 술추천 #1,JGde_Ufv_qI,disabled comments,0
오늘만은 술 못 먹는 자에게 빙의한다!! 논알콜 칵테일 만들기,TsQR5MX7woE,disabled comments,0
럼 하나로 만드는 칵테일 / 간단한 럼 베이스 칵테일🍸,r2aSLzsesEU,disabled comments,0
롱티 좋아하는 사람들 모여!!! 롱 아일랜드 아이스티 변형 칵테일 만들기,j1qM2ogJWrs,disabled comments,0
화제의 웹드라마 엑스엑스(XX) 집에서 따라해보기,azQ89nKo-rE,disabled comments,0
술을 사랑하는 자들의 Q&A,dNlHGKjWWZU,disabled comments,0
칵테일의 재료에는 무엇이 있을까?🧐/ 기주&음료&부재료&가니쉬 알기,KenoHursSes,disabled comments,0
🍑자주 쓰이는 과일 향 리큐르 추천!🍈/ 과일 리큐르로 새콤달콤한 과일맛 칵테일 만들기,0kkredqf4aY,disabled comments,0
[재업로드] 간단하고 예쁜 세 가지 칵테일 만들기🍋,WELbqdkqFxY,disabled comments,0
홈텐딩 도구& 칵테일 기법 소개🍸이건 필수로 알아야 해요!🔥,Yo1IhbQdN90,disabled comments,0
[마감]갑툭튀 구독자 이벤트💕,J09reqatUY4,disabled comments,0
"🍦배라 아이스크림 넣은 칵테일 만들기! / 친구들한테 만들어주면 인기쟁이~ㅎ /바닐라, 요거트, 이상한 나라의 솜사탕, 베리베리 스트로베리",PyCIpgqmeM0,disabled comments,0
🔥매콤달달 중독적인 술안주🍺꼬꼬아찌 숯불치킨 따라 만들어보기!,h8rDZNB8pr0,disabled comments,0
"우유가 들어가 달고 부드러운 칵테일🥛/ 깔루아밀크, 베일리스밀크, 화이트러시안, 캬라멜러시안",5vnCRg83p2w,disabled comments,0
간단하지만 있어보이는 술안주👍 / 집에서 감바스 만들어서 배부르게 먹기,WWndLp9SiNw,disabled comments,0
[마감]자몽&오렌지&키위청 이벤트🥝🍊/ 세가지 과일청 만들기,bmawWeWFaEE,disabled comments,0
가볍게 먹기 좋은 산뜻한 칵테일🌱/ 술 하나로 집에서 간단하게 만들자!,n8qYgQKxv4E,disabled comments,0
집술 고수가 알려주는 간단안주 모음,DCW_eG0SKTU,disabled comments,0
발렌타인데이 기념 칵테일 만들기 / 달고 부드러운 칵테일,2Y1UIKmieRU,disabled comments,0
[마감]늦어서 죄송한 300명 기념 소소한 이벤트 / 작은 선물...받아가쉴..? / 더보기란 필독!,flaCIDq3SwQ,disabled comments,0
칵테일은 이름이 야할수록 맛있다는게 사실일까?!🧐 / 바에서 주문하기 부끄북흐~😉이름이 야시꾸리한 칵테일,4F7OKLLh05k,disabled comments,0
🔥칼로리를 포기한다!!! 세가지 핫도그 만들기 / 살사핫도그 / 베이컨 핫도그,PIL_c4b2_CU,disabled comments,0
중국 현지에서 요리하기 / 까르푸에서 장보기! / 상하이 여행 #1,pMZHfgP9ErY,disabled comments,0
✨겨울백숙 끓이기 / 맛난 양념장 만들기 / 닭죽 끓이기 / 맛있게 만들고 맛있게 먹는 방법!!,9sMKQWJFcBI,disabled comments,0
"[마감]영상보고 🍓딸기청🍓 받아가세요! / 딸기청 만들기, 딸기청 칵테일! / 소소한 200명 구독자 이벤트",lm1dlq9b8sI,disabled comments,0
"❄️든든하고 간단한 간식, 계란빵 만들기 / 에어프라이어 / 겨울간식#2",9Zw_ViTTU7Y,disabled comments,0
"생강 맛, 카시스 맛 칵테일?🤔생소하지만 맛있는 칵테일 만들기!",X3DfaISAycc,disabled comments,0
만오천원 장봐서 초간단 7가지 반찬 만들기🍚 / 맛있게 먹는 꿀팁까지! / 한 상 차리기,sms8F1djTXQ,disabled comments,0
"❄️추운겨울, 간단한 어묵탕 만들기! / 따끈따끈 어묵탕 / 겨울간식 #1",4Pqm1KgYtXU,disabled comments,0
색이 변하는 칵테일! 💙💜모히또&진 피즈를 색다르게 마셔보자!,u4BMxqw-AIk,disabled comments,0
🍷크리스마스에 어울리는 칵테일 만들기🍸/ 리니비니 크리스마스 #4,1T-iDBsKohY,disabled comments,0
크리스마스 요리 / 스테이크 트리 만들기🍖 / 리니비니 크리스마스 #3,CCKd85lojPo,disabled comments,0
크리스마스 집 만들기! / 도안 공유 / 리니비니 크리스마스 #2,QLsUN-1gDC8,disabled comments,0
7가지 트리 장식으로 트리꾸미기! 도안도 다운받아가세요 / 리니비니 크리스마스 #1,olduOPRWUQM,disabled comments,0
100명 기념 아주 소소한 이벤트 / 선물 받아가쉴..?,gzv8fo55HNk,disabled comments,0
겨울과일 귤로 만드는 4가지 간단한 요리,3eGUAtOvdOc,disabled comments,0
손님들이 바에서 자주 주문하는 칵테일 만들기! 맛있는 칵테일을 만들어보아요 :),uC1JI2yJyQI,disabled comments,0
맛있는 다이어트 요리 3가지 만들기,xH7yOILktZk,disabled comments,0
중국당면떡볶이 맛있게 만들기 / 중국 향신료 라조장,eiyEbeZgqmE,disabled comments,0
간단하게 만드는 세 가지 마늘요리,pKe8EflrJwI,disabled comments,0
어느 날 갑자기 어떤 할아부지가.. / 집에 찾아온 노묘 고양이 / 애교만점,WQjnhpVMe54,disabled comments,0
[마켓컬리 간편식 리뷰] 상처만 남은 간편식(양식류) 리뷰😢,RUm6MDFu470,disabled comments,0
"[중국&대만 길거리음식] 쇼좌빙, 유타오 재료 주문해서 만들어먹기 / 자세한 리뷰!",duNq0mNNwAc,disabled comments,0
[마라탕 +  닭vs돼지vs해물] 뭐가 제일 맛있을까?,BiLHoo2sgSE,disabled comments,0
[xo굴림만두리뷰] 포장지 조리방법대로 먹어보기 / 만두 전골 만들기 / 초간장과 먹기,lAk5yD1MUqE,disabled comments,0
[할로윈파티#2] 폭립&순대볶음 만들기! / 파티비용 정리,ixsAYP7B3xM,disabled comments,0
[할로윈 파티#1] 호박으로 잭오랜턴🎃 만들기 / 할로윈 소품으로 파티룸 꾸미기!,nLdDkg0NDxY,disabled comments,0
흑당버블티 체인점 4개 리뷰! |  타이거슈가 / 쩐주단 / 흑화당 / 공차 |  깔끔&간단 핵심 리뷰,NvTN0xkWlEc,disabled comments,0
[마켓컬리 간편식 5종리뷰] 밥하기 귀찮은 당신을 위한 간편식 리뷰 / 컬리가 만든 상품,5Ms57bZPqcM,disabled comments,0
[농부시장 마르쉐] 유기농 재료로 저녁차리기 / 콜드파스타 만들기 / 마르쉐 구경 / 시골의 고요한 저녁,1KpesGaUzaM,disabled comments,0
[마라샹궈소스 3종 리뷰] 집에서 해먹는 마라샹궈,JGde_Ufv_qI,disabled comments,0
[해리와 술래잡기(?)] 집사를 잡으러 오는 고양이,TsQR5MX7woE,disabled comments,0
[베일리스 딸기맛] 딸기넣은 딸기맛 칵테일 만들기 / 술찐이들 모여라,r2aSLzsesEU,disabled comments,0
[닭껍질튀김] 뒷북을 울려라~ 둥둥! 집에서 닭껍질 튀겨버리기,j1qM2ogJWrs,disabled comments,0
매일 집에 오는 손님 식사 대접하기 (feat.질투하는 해리),azQ89nKo-rE,disabled comments,0
[통삼겹 짜장면] 집에서만 만들어 먹게되는 마성의 짜장면 / 고기를 듬뿍 넣어야 맛있어요,dNlHGKjWWZU,disabled comments,0
[집에서 양고기 굽는 영상] 치이익~~~치이이익~~,KenoHursSes,disabled comments,0
[맞고 내기] 화투판 3번 엎은 날 / 스벅 사이렌오더 벌칙 내기,0kkredqf4aY,disabled comments,0
[차가운라면 vs 뜨거운라면] 당신의 선택은..? / 맛있게 끓이는법,WELbqdkqFxY,disabled comments,0
[비니데이#1]  비오는 생일날ㅣ홍대에서 파스타ㅣ친구들 만나기~,Yo1IhbQdN90,disabled comments,0
[잡채] 가족 다 같이 먹을 잡채 만들기,J09reqatUY4,disabled comments,0
[굿즈제작] 언니 생일선물로 개인굿즈 7종 직접 만들기 / 굿즈 언박싱 / 고퀄 굿즈,PyCIpgqmeM0,disabled comments,0
간단하게 만드는 세 가지 양파요리,h8rDZNB8pr0,disabled comments,0
[나폴리탄] 별 재료 없이도 있어보이기~! / 새콤달콤 초딩입맛 파스타,5vnCRg83p2w,disabled comments,0
[해리 생일특집] 우리집 고양이 생일기념 / 어릴적 모습을 담았어요 / 심쿵주의,WWndLp9SiNw,disabled comments,0
[참치캔파스타 + 맥주] 세상에서 가장 간단한 파스타,bmawWeWFaEE,disabled comments,0
[마라기름떡볶이 + 맥주] 매콤달콤 마라떡볶이 / 남은 마라소스 활용하기,n8qYgQKxv4E,disabled comments,0
[마라탕소스 4종 리뷰] 집에서 해먹는 마라탕,DCW_eG0SKTU,disabled comments,0
[아무거나볶음밥 + 맥주] 냉장고 정리가 필요할땐? 아무거나 볶아요,2Y1UIKmieRU,disabled comments,0
(ENG CC)[해장라면] 얼큰한 라면으로 해장하기,flaCIDq3SwQ,disabled comments,0
[카나페파뤼] 친구들이 놀러온 날 식모 언니를 소환해보았다,4F7OKLLh05k,disabled comments,0
[김치비빔국수 + 맥주] 손 큰 여자의 매콤시원 비빔국수,PIL_c4b2_CU,disabled comments,0
(ENG CC)[케밥 + 진토닉] 오늘 뭐먹지? 한끼로 든든한 케밥짱,pMZHfgP9ErY,disabled comments,0
[슈가자몽 + 엑스레이티드] 애슐리 슈가자몽 만들기 (침샘주의),9sMKQWJFcBI,disabled comments,0
[파피요트 + 샴페인] 술에 찐 생선의 참맛,lm1dlq9b8sI,disabled comments,0
[쏘야 + 맥주 + 유전] 이걸 보는 순간 오늘 야식 쏘야. 가즈아~,9Zw_ViTTU7Y,disabled comments,0
[버섯전골 + 진로토닉] 비오고 습한 날 버섯전골에 소주까지 마시면 크으~ 세상이 아름다워,X3DfaISAycc,disabled comments,0
(ENG CC)[계란 샌드위치 + 블루하와이] 안먹어보면 후회하는 여름 술안주조합!!!,sms8F1djTXQ,disabled comments,0
[토마토설탕절임 + 꼬냑 + 베르사유] 목욕하면서 술과 안주★ 혐생에서 리프레시하자!,4Pqm1KgYtXU,disabled comments,0
(ENG CC) / [불닭볶음면 + 화이트러시안 + 영화'킬빌'] 불닭엔 리얼 닭고기가 들어가야 제맛ㅎ 무더위엔 시원한 칵테일과 즐기는 불닭볶음면,u4BMxqw-AIk,disabled comments,0
[예고편]술과 안주를 좋아하십니까?? 저희와 함께하시죠!!!,1T-iDBsKohY,disabled comments,0
흑당버블티 체인점 4개 리뷰! |  타이거슈가 / 쩐주단 / 흑화당 / 공차 |  깔끔&간단 핵심 리뷰,CCKd85lojPo,disabled comments,0
[마켓컬리 간편식 5종리뷰] 밥하기 귀찮은 당신을 위한 간편식 리뷰 / 컬리가 만든 상품,QLsUN-1gDC8,disabled comments,0
[농부시장 마르쉐] 유기농 재료로 저녁차리기 / 콜드파스타 만들기 / 마르쉐 구경 / 시골의 고요한 저녁,olduOPRWUQM,disabled comments,0
[마라샹궈소스 3종 리뷰] 집에서 해먹는 마라샹궈,gzv8fo55HNk,disabled comments,0
[해리와 술래잡기(?)] 집사를 잡으러 오는 고양이,3eGUAtOvdOc,disabled comments,0
[베일리스 딸기맛] 딸기넣은 딸기맛 칵테일 만들기 / 술찐이들 모여라,uC1JI2yJyQI,disabled comments,0
[닭껍질튀김] 뒷북을 울려라~ 둥둥! 집에서 닭껍질 튀겨버리기,xH7yOILktZk,disabled comments,0
매일 집에 오는 손님 식사 대접하기 (feat.질투하는 해리),eiyEbeZgqmE,disabled comments,0
[통삼겹 짜장면] 집에서만 만들어 먹게되는 마성의 짜장면 / 고기를 듬뿍 넣어야 맛있어요,pKe8EflrJwI,disabled comments,0
[집에서 양고기 굽는 영상] 치이익~~~치이이익~~,WQjnhpVMe54,disabled comments,0
[맞고 내기] 화투판 3번 엎은 날 / 스벅 사이렌오더 벌칙 내기,RUm6MDFu470,disabled comments,0
[차가운라면 vs 뜨거운라면] 당신의 선택은..? / 맛있게 끓이는법,duNq0mNNwAc,disabled comments,0
[비니데이#1]  비오는 생일날ㅣ홍대에서 파스타ㅣ친구들 만나기~,BiLHoo2sgSE,disabled comments,0
[잡채] 가족 다 같이 먹을 잡채 만들기,lAk5yD1MUqE,disabled comments,0
[굿즈제작] 언니 생일선물로 개인굿즈 7종 직접 만들기 / 굿즈 언박싱 / 고퀄 굿즈,ixsAYP7B3xM,disabled comments,0
간단하게 만드는 세 가지 양파요리,nLdDkg0NDxY,disabled comments,0
[나폴리탄] 별 재료 없이도 있어보이기~! / 새콤달콤 초딩입맛 파스타,NvTN0xkWlEc,disabled comments,0
[해리 생일특집] 우리집 고양이 생일기념 / 어릴적 모습을 담았어요 / 심쿵주의,5Ms57bZPqcM,disabled comments,0
[참치캔파스타 + 맥주] 세상에서 가장 간단한 파스타,1KpesGaUzaM,disabled comments,0
[마라기름떡볶이 + 맥주] 매콤달콤 마라떡볶이 / 남은 마라소스 활용하기,JGde_Ufv_qI,disabled comments,0
[마라탕소스 4종 리뷰] 집에서 해먹는 마라탕,TsQR5MX7woE,disabled comments,0
[아무거나볶음밥 + 맥주] 냉장고 정리가 필요할땐? 아무거나 볶아요,r2aSLzsesEU,disabled comments,0
(ENG CC)[해장라면] 얼큰한 라면으로 해장하기,j1qM2ogJWrs,disabled comments,0
[카나페파뤼] 친구들이 놀러온 날 식모 언니를 소환해보았다,azQ89nKo-rE,disabled comments,0
[김치비빔국수 + 맥주] 손 큰 여자의 매콤시원 비빔국수,dNlHGKjWWZU,disabled comments,0
(ENG CC)[케밥 + 진토닉] 오늘 뭐먹지? 한끼로 든든한 케밥짱,KenoHursSes,disabled comments,0
[슈가자몽 + 엑스레이티드] 애슐리 슈가자몽 만들기 (침샘주의),0kkredqf4aY,disabled comments,0
[파피요트 + 샴페인] 술에 찐 생선의 참맛,WELbqdkqFxY,disabled comments,0
[쏘야 + 맥주 + 유전] 이걸 보는 순간 오늘 야식 쏘야. 가즈아~,Yo1IhbQdN90,disabled comments,0
[버섯전골 + 진로토닉] 비오고 습한 날 버섯전골에 소주까지 마시면 크으~ 세상이 아름다워,J09reqatUY4,disabled comments,0
(ENG CC)[계란 샌드위치 + 블루하와이] 안먹어보면 후회하는 여름 술안주조합!!!,PyCIpgqmeM0,disabled comments,0
[토마토설탕절임 + 꼬냑 + 베르사유] 목욕하면서 술과 안주★ 혐생에서 리프레시하자!,h8rDZNB8pr0,disabled comments,0
(ENG CC) / [불닭볶음면 + 화이트러시안 + 영화'킬빌'] 불닭엔 리얼 닭고기가 들어가야 제맛ㅎ 무더위엔 시원한 칵테일과 즐기는 불닭볶음면,5vnCRg83p2w,disabled comments,0
[예고편]술과 안주를 좋아하십니까?? 저희와 함께하시죠!!!,WWndLp9SiNw,disabled comments,0
