video_title,video_ids,commentCount,viewCount,favoriteCount,likeCount
라모스 진피즈 챌린지 / 지목해주신 @요사장TV 님 감사합니다...^^,NvTN0xkWlEc,56,4545,0,201
탱커레이 no.10 활용 / 상큼한 칵테일 만들기🌿,5Ms57bZPqcM,77,9210,0,359
티 리큐르 활용하기🌱 / 녹차&홍차 리큐르,1KpesGaUzaM,37,4801,0,191
새로 산 술 뜯어보기,JGde_Ufv_qI,73,5359,0,205
오렌지 리큐르 특집 / 네 가지 큐라소 칵테일,TsQR5MX7woE,33,7995,0,233
맑고 아름다운 압생트로 만드는 칵테일,r2aSLzsesEU,26,5456,0,200
피트 매니아들 모여모여! 피트 향 가득한 칵테일,j1qM2ogJWrs,63,8114,0,268
가지각색 무지개 칵테일 만들기,azQ89nKo-rE,37,7833,0,305
새해 복 많이 받으세요! 7일7술 / 집에서 해먹은 술 모음 #11,dNlHGKjWWZU,67,6829,0,276
메리크리스마스!!! 출간 기념 이벤트🎄💕,KenoHursSes,132,5445,0,296
"꼭 마셔봐야 하는 위스키 베이스 칵테일, 갓파더 / 쉽고 맛있게 즐기기!",0kkredqf4aY,53,10721,0,300
❄️크리스마스 분위기 나는 칵테일 만들기!🎄,WELbqdkqFxY,48,10335,0,403
보드카 알차게 마시기!,Yo1IhbQdN90,55,14605,0,478
겨울을 위한 따뜻한 칵테일 4가지,J09reqatUY4,43,8810,0,391
구독자분들의 고민과 사연읽고 칵테일 만들기 / 코스터 이벤트,PyCIpgqmeM0,30,3815,0,141
술 못마시는 사람에게 빙의하는 날 / 논알콜 칵테일 #2,h8rDZNB8pr0,30,9429,0,351
최애 칵테일 마가리타 4가지 만들기 / 마가리타 특집!,5vnCRg83p2w,38,7857,0,252
예쁜 핑크자몽 & 피치 칵테일 만들기! (with 볼스),WWndLp9SiNw,35,9299,0,352
오랜만의 7일7술 / 집에서 해먹은 술 모음 #10,bmawWeWFaEE,50,6492,0,256
달콤 쌉싸름한 오렌지 향 술 / 아페롤 / 이달의 술추천 #10,n8qYgQKxv4E,20,6062,0,236
술꾼의 책 추천! / 여덟 가지 책들,DCW_eG0SKTU,37,5236,0,310
포트넘 앤 메이슨의 홍차로 만드는 세 가지 티 칵테일,2Y1UIKmieRU,34,7572,0,379
시원한 뮬 네 가지 만들기!,flaCIDq3SwQ,62,9640,0,306
진 알차게 마시기!,4F7OKLLh05k,97,16766,0,524
여름의 마지막! 새콤달콤 청귤 칵테일 만들기,PIL_c4b2_CU,29,7654,0,267
그린 티 진 피즈 #Shorts,pMZHfgP9ErY,9,7477,0,266
최애 칵테일 마티니 6가지 만들기! / 마티니 특집🍸,9sMKQWJFcBI,81,16464,0,427
하이볼로 보내는 무더운 여름,lm1dlq9b8sI,121,12410,0,433
진&바질&민트스매시 #Shorts,9Zw_ViTTU7Y,11,6999,0,282
"질문과 답변 #2 / 술 관리, 칵테일 레시피, 집에 있는 술장 함께 보기",X3DfaISAycc,69,10287,0,360
"기초 질문과 답변 #1 / 꼭 필요한 도구&잔, 시럽, 가니쉬, 술&비터 / 도구와 재료",sms8F1djTXQ,107,15080,0,677
푸릇푸릇 싱그러운 칵테일 만들기🌿,4Pqm1KgYtXU,49,8272,0,296
알록달록한 트로피컬 칵테일 만들기🍹,u4BMxqw-AIk,80,21057,0,679
휴양지 느낌 칵테일 / 바베이도스 서프라이즈 #Shorts,1T-iDBsKohY,31,22831,0,1106
달콤한 복숭아 맛 가득!🍑 피치트리를 활용한 칵테일 5가지,CCKd85lojPo,82,24734,0,845
카이피리냐 만들기 #Shorts,QLsUN-1gDC8,25,12704,0,432
🥃 올드패션드 네가지 만들기,olduOPRWUQM,65,17306,0,501
주류박람회에 다녀 왔어요,gzv8fo55HNk,33,5503,0,170
취향존중이 필요한 칵테일 #2,3eGUAtOvdOc,91,11643,0,348
🥂화이트와인으로 네가지 칵테일 만들기!,uC1JI2yJyQI,45,7404,0,248
헤이먼스 진 4종 리뷰 / 이달의 술추천 #9,xH7yOILktZk,81,8375,0,293
내 MBTI 성격유형에 맞는 칵테일 찾기!,eiyEbeZgqmE,88,12355,0,327
예쁜 얼음 얼리기 / 얼음 영상 #2,pKe8EflrJwI,79,14891,0,416
술 + 쉬이이이원한 탄산은 못참지 (with 싱하소다워터),WQjnhpVMe54,56,8129,0,273
촬영 전날 조용히 칵테일 만들어보는 영상 / 더빙x,RUm6MDFu470,57,5262,0,174
피스코 / 이달의 술추천 #8,duNq0mNNwAc,39,6259,0,205
위스키 입문용으로 강추! 글렌리벳 12년 / 함께 알아보는 위스키 #1,BiLHoo2sgSE,45,9186,0,274
맛있는 안주와 술🤤 / 집에서 해먹은 술 모음 #9,lAk5yD1MUqE,93,6607,0,141
🍓 딸기를 잔뜩 마시자! / 딸기 칵테일 5가지,ixsAYP7B3xM,98,17808,0,527
칵테일 만들 때 자주 쓰는 잔들을 소개합니다!,nLdDkg0NDxY,84,12931,0,478
라거? 에일? 내 최애 맥주는? / 와인앤모어 맥주 리뷰 #1,NvTN0xkWlEc,42,4220,0,158
화요로 만드는 네가지 간단칵테일!,5Ms57bZPqcM,95,19399,0,496
술...그리고 안주..⭐️ / 집에서 해먹은 술 모음 #8,1KpesGaUzaM,143,11252,0,330
새로운 싱글톤으로 두 가지 칵테일 만들기! / 색다른 안주와 함께 즐기자,JGde_Ufv_qI,56,7841,0,217
사워 특집 / 네 가지 사워 만들기,TsQR5MX7woE,92,10094,0,317
Gs25 나만의 냉장고 어플 리뷰 / 어플로 술 주문하기,r2aSLzsesEU,172,11212,0,300
열 가지 진을 알아보자 / 진 10종 리뷰,j1qM2ogJWrs,238,28230,0,789
피즈 특집 / 여섯 가지 피즈 만들기!,azQ89nKo-rE,159,17805,0,520
새해 7일7술 / 집에서 해먹은 술 모음 #7,dNlHGKjWWZU,186,15286,0,554
칵테일 하나에 재료 10개... 냉장고를 털어버리자!,KenoHursSes,121,14032,0,461
캄파리 특집 / 캄파리로 다섯 가지 칵테일 만들기,0kkredqf4aY,72,18750,0,475
오랜만에 와인 마신 날!🍷 / 이달의 술추천 #7,WELbqdkqFxY,39,4566,0,195
다들 연휴 잘 보내셨나요? / 여름 마지막 7일7술 / 집에서 해먹은 술 모음 #6,Yo1IhbQdN90,71,8108,0,262
"부드러움의 끝판왕, 계란 흰자가 들어가는 칵테일 만들기",J09reqatUY4,59,12718,0,318
🍷칵테일과 함께 집에서 홈파티!🍷 / Shakit x RiniBini #2,PyCIpgqmeM0,28,6466,0,211
슬로 진 특집(비니의 추천),h8rDZNB8pr0,62,14233,0,386
빈 병으로 컵 만들고 그 컵에 칵테일 만들기,5vnCRg83p2w,58,11324,0,329
마트에서 보자마자 질러버린 술.. / 이달의 술추천 #6,WWndLp9SiNw,74,16964,0,411
취향 존중이 필요한 칵테일 4선,bmawWeWFaEE,94,14208,0,419
요즘 너무 덥죠? 칵테일 한 잔 합시다 / 집에서 해먹은 술 모음 #5 / 7일 7술,n8qYgQKxv4E,87,8948,0,273
"혼자서 마시는 상황별 칵테일 / 비 오는 날, 휴일, 더운 밤, 잠 안 오는 새벽, 영화볼 때",DCW_eG0SKTU,51,12083,0,367
갬성을 자극하는 핑크색 칵테일 만들기..🌸,2Y1UIKmieRU,74,24364,0,745
더운 날 만들어 먹은 안주 모음 / 안주 만드는 영상 #3,flaCIDq3SwQ,62,6331,0,172
☔️비오는 날 전과 함께 전통주 / 이달의 술추천 #5,4F7OKLLh05k,23,2103,0,96
먹으면서 보낸 휴가 일상 (feat.고양이 자랑),PIL_c4b2_CU,33,3740,0,159
"🌱티 칵테일 만들기 / 홍차, 녹차, 히비스커스 티",pMZHfgP9ErY,57,12739,0,515
칵테일 키트 들고 피크닉가기🌼 / Shakit X RiniBini,9sMKQWJFcBI,55,8630,0,368
여름엔 달달술과 달달안주 / 이달의 술추천 #4,lm1dlq9b8sI,32,6429,0,220
맛있는 리큐르로 간단한 칵테일 만들기 / 리큐르추천#2,9Zw_ViTTU7Y,59,20852,0,483
바로 그 코코넛 칵테일🍍 / 코코넛밀크 칵테일 만들기,X3DfaISAycc,55,13255,0,337
"더운 여름, 시원한 모히토 한잔 하쉴~?🌱/ 네 가지 모히토 만들기",sms8F1djTXQ,76,23057,0,610
시험기간에도 술 못 잃는 사람 / 집에서 해먹은 술 모음 #4,4Pqm1KgYtXU,89,5626,0,205
바나나 리큐르로 만든 맛있는 칵테일.......은 없었다고 한다 / 바나나 리큐르 활용하기,u4BMxqw-AIk,91,9075,0,223
카시스 + 우롱차 + 볶음요리 = 짱맛탱 / 이달의 술추천 #3,1T-iDBsKohY,63,5170,0,229
더워지니까 술이 더 마시고 싶어요 / 집에서 해먹은 술 모음 #3,CCKd85lojPo,59,6618,0,248
바다 가고 싶다..🐳/ 바다 느낌 칵테일,QLsUN-1gDC8,104,49199,0,1300
🍉보기만 해도 여름 느낌나는 트로피컬 칵테일🍍,olduOPRWUQM,109,28783,0,853
🌸리치 리큐르 콰이페로 칵테일 만들기🌸,gzv8fo55HNk,78,16171,0,491
만들어 먹은 안주모음! / 안주 만드는 영상 #2,3eGUAtOvdOc,62,8986,0,294
혹시 지금 술 마시고 있는 사람..? 그건 바로 ㄴr... / 집에서 해먹은 술 모음 #2,uC1JI2yJyQI,81,6073,0,217
집에 있는 꿀.유자.밤으로 맛있는 칵테일 만들기😎,xH7yOILktZk,47,6649,0,284
최애 맥주&안주 추천!!!!! / 이달의 술추천 #2,eiyEbeZgqmE,64,5224,0,207
소주로 칵테일 만들기,pKe8EflrJwI,105,44247,0,1087
방콕하며 연명하기 위한 반찬 만들기,WQjnhpVMe54,37,3068,0,125
데킬라 맛있게 먹는법! / 데킬라로 다섯 가지 칵테일 만들기🍸,RUm6MDFu470,211,75041,0,1458
얼음 깎는 노인,duNq0mNNwAc,127,25866,0,697
나는 오늘도 술을 ㅁㅏ신ㄷr...⭐️/ 집에서 해먹은 술 모음 #1,BiLHoo2sgSE,168,9742,0,340
침샘 자극하는 오늘의 향💖달큰한 시나몬 향 츄러스 칵테일(Churros) / 리니비니 X 데메테르 #2,lAk5yD1MUqE,227,5051,0,221
술마신 다음날 술로 해장한다!!! 해장 칵테일 만들기,ixsAYP7B3xM,92,10953,0,334
자주 해먹는 안주 모음! / 안주 만드는 영상#1,nLdDkg0NDxY,86,10444,0,419
라거? 에일? 내 최애 맥주는? / 와인앤모어 맥주 리뷰 #1,NvTN0xkWlEc,42,4220,0,158
화요로 만드는 네가지 간단칵테일!,5Ms57bZPqcM,95,19399,0,496
술...그리고 안주..⭐️ / 집에서 해먹은 술 모음 #8,1KpesGaUzaM,143,11252,0,330
새로운 싱글톤으로 두 가지 칵테일 만들기! / 색다른 안주와 함께 즐기자,JGde_Ufv_qI,56,7841,0,217
사워 특집 / 네 가지 사워 만들기,TsQR5MX7woE,92,10094,0,317
Gs25 나만의 냉장고 어플 리뷰 / 어플로 술 주문하기,r2aSLzsesEU,172,11212,0,300
열 가지 진을 알아보자 / 진 10종 리뷰,j1qM2ogJWrs,238,28230,0,789
피즈 특집 / 여섯 가지 피즈 만들기!,azQ89nKo-rE,159,17805,0,520
새해 7일7술 / 집에서 해먹은 술 모음 #7,dNlHGKjWWZU,186,15286,0,554
칵테일 하나에 재료 10개... 냉장고를 털어버리자!,KenoHursSes,121,14032,0,461
캄파리 특집 / 캄파리로 다섯 가지 칵테일 만들기,0kkredqf4aY,72,18750,0,475
오랜만에 와인 마신 날!🍷 / 이달의 술추천 #7,WELbqdkqFxY,39,4566,0,195
다들 연휴 잘 보내셨나요? / 여름 마지막 7일7술 / 집에서 해먹은 술 모음 #6,Yo1IhbQdN90,71,8108,0,262
"부드러움의 끝판왕, 계란 흰자가 들어가는 칵테일 만들기",J09reqatUY4,59,12718,0,318
🍷칵테일과 함께 집에서 홈파티!🍷 / Shakit x RiniBini #2,PyCIpgqmeM0,28,6466,0,211
슬로 진 특집(비니의 추천),h8rDZNB8pr0,62,14233,0,386
빈 병으로 컵 만들고 그 컵에 칵테일 만들기,5vnCRg83p2w,58,11324,0,329
마트에서 보자마자 질러버린 술.. / 이달의 술추천 #6,WWndLp9SiNw,74,16964,0,411
취향 존중이 필요한 칵테일 4선,bmawWeWFaEE,94,14208,0,419
요즘 너무 덥죠? 칵테일 한 잔 합시다 / 집에서 해먹은 술 모음 #5 / 7일 7술,n8qYgQKxv4E,87,8948,0,273
"혼자서 마시는 상황별 칵테일 / 비 오는 날, 휴일, 더운 밤, 잠 안 오는 새벽, 영화볼 때",DCW_eG0SKTU,51,12083,0,367
갬성을 자극하는 핑크색 칵테일 만들기..🌸,2Y1UIKmieRU,74,24364,0,745
더운 날 만들어 먹은 안주 모음 / 안주 만드는 영상 #3,flaCIDq3SwQ,62,6331,0,172
☔️비오는 날 전과 함께 전통주 / 이달의 술추천 #5,4F7OKLLh05k,23,2103,0,96
먹으면서 보낸 휴가 일상 (feat.고양이 자랑),PIL_c4b2_CU,33,3740,0,159
"🌱티 칵테일 만들기 / 홍차, 녹차, 히비스커스 티",pMZHfgP9ErY,57,12739,0,515
칵테일 키트 들고 피크닉가기🌼 / Shakit X RiniBini,9sMKQWJFcBI,55,8630,0,368
여름엔 달달술과 달달안주 / 이달의 술추천 #4,lm1dlq9b8sI,32,6429,0,220
맛있는 리큐르로 간단한 칵테일 만들기 / 리큐르추천#2,9Zw_ViTTU7Y,59,20852,0,483
바로 그 코코넛 칵테일🍍 / 코코넛밀크 칵테일 만들기,X3DfaISAycc,55,13255,0,337
"더운 여름, 시원한 모히토 한잔 하쉴~?🌱/ 네 가지 모히토 만들기",sms8F1djTXQ,76,23057,0,610
시험기간에도 술 못 잃는 사람 / 집에서 해먹은 술 모음 #4,4Pqm1KgYtXU,89,5626,0,205
바나나 리큐르로 만든 맛있는 칵테일.......은 없었다고 한다 / 바나나 리큐르 활용하기,u4BMxqw-AIk,91,9075,0,223
카시스 + 우롱차 + 볶음요리 = 짱맛탱 / 이달의 술추천 #3,1T-iDBsKohY,63,5170,0,229
더워지니까 술이 더 마시고 싶어요 / 집에서 해먹은 술 모음 #3,CCKd85lojPo,59,6618,0,248
바다 가고 싶다..🐳/ 바다 느낌 칵테일,QLsUN-1gDC8,104,49199,0,1300
🍉보기만 해도 여름 느낌나는 트로피컬 칵테일🍍,olduOPRWUQM,109,28783,0,853
🌸리치 리큐르 콰이페로 칵테일 만들기🌸,gzv8fo55HNk,78,16171,0,491
만들어 먹은 안주모음! / 안주 만드는 영상 #2,3eGUAtOvdOc,62,8986,0,294
혹시 지금 술 마시고 있는 사람..? 그건 바로 ㄴr... / 집에서 해먹은 술 모음 #2,uC1JI2yJyQI,81,6073,0,217
집에 있는 꿀.유자.밤으로 맛있는 칵테일 만들기😎,xH7yOILktZk,47,6649,0,284
최애 맥주&안주 추천!!!!! / 이달의 술추천 #2,eiyEbeZgqmE,64,5224,0,207
소주로 칵테일 만들기,pKe8EflrJwI,105,44247,0,1087
방콕하며 연명하기 위한 반찬 만들기,WQjnhpVMe54,37,3068,0,125
데킬라 맛있게 먹는법! / 데킬라로 다섯 가지 칵테일 만들기🍸,RUm6MDFu470,211,75041,0,1458
얼음 깎는 노인,duNq0mNNwAc,127,25866,0,697
나는 오늘도 술을 ㅁㅏ신ㄷr...⭐️/ 집에서 해먹은 술 모음 #1,BiLHoo2sgSE,168,9742,0,340
침샘 자극하는 오늘의 향💖달큰한 시나몬 향 츄러스 칵테일(Churros) / 리니비니 X 데메테르 #2,lAk5yD1MUqE,227,5051,0,221
술마신 다음날 술로 해장한다!!! 해장 칵테일 만들기,ixsAYP7B3xM,92,10953,0,334
자주 해먹는 안주 모음! / 안주 만드는 영상#1,nLdDkg0NDxY,86,10444,0,419
한 잔으로 취해버리고 싶다면? 독한 칵테일 만들기👍,NvTN0xkWlEc,166,36703,0,850
[옥탑방 일상] 집에서 만드는 칵테일 재료들!,5Ms57bZPqcM,78,5819,0,258
🌊칵테일 가서 데메테르 한 잔? (카리브해 편)🐳 / 리니비니 X 데메테르 #1,1KpesGaUzaM,160,9894,0,420
브라질의 국민술! 카샤사 & 카이피리냐 / 이달의 술추천 #1,JGde_Ufv_qI,77,8158,0,327
오늘만은 술 못 먹는 자에게 빙의한다!! 논알콜 칵테일 만들기,TsQR5MX7woE,256,109854,0,3568
럼 하나로 만드는 칵테일 / 간단한 럼 베이스 칵테일🍸,r2aSLzsesEU,172,69799,0,1397
롱티 좋아하는 사람들 모여!!! 롱 아일랜드 아이스티 변형 칵테일 만들기,j1qM2ogJWrs,208,62814,0,1636
화제의 웹드라마 엑스엑스(XX) 집에서 따라해보기,azQ89nKo-rE,105,21666,0,621
술을 사랑하는 자들의 Q&A,dNlHGKjWWZU,91,28440,0,750
칵테일의 재료에는 무엇이 있을까?🧐/ 기주&음료&부재료&가니쉬 알기,KenoHursSes,245,53267,0,1994
🍑자주 쓰이는 과일 향 리큐르 추천!🍈/ 과일 리큐르로 새콤달콤한 과일맛 칵테일 만들기,0kkredqf4aY,177,76004,0,2032
[재업로드] 간단하고 예쁜 세 가지 칵테일 만들기🍋,WELbqdkqFxY,136,57218,0,1272
홈텐딩 도구& 칵테일 기법 소개🍸이건 필수로 알아야 해요!🔥,Yo1IhbQdN90,335,183969,0,6191
[마감]갑툭튀 구독자 이벤트💕,J09reqatUY4,0,6065,0,355
"🍦배라 아이스크림 넣은 칵테일 만들기! / 친구들한테 만들어주면 인기쟁이~ㅎ /바닐라, 요거트, 이상한 나라의 솜사탕, 베리베리 스트로베리",PyCIpgqmeM0,157,36238,0,1230
🔥매콤달달 중독적인 술안주🍺꼬꼬아찌 숯불치킨 따라 만들어보기!,h8rDZNB8pr0,50,6815,0,256
"우유가 들어가 달고 부드러운 칵테일🥛/ 깔루아밀크, 베일리스밀크, 화이트러시안, 캬라멜러시안",5vnCRg83p2w,95,72909,0,1495
간단하지만 있어보이는 술안주👍 / 집에서 감바스 만들어서 배부르게 먹기,WWndLp9SiNw,27,5836,0,236
[마감]자몽&오렌지&키위청 이벤트🥝🍊/ 세가지 과일청 만들기,bmawWeWFaEE,0,3741,0,96
가볍게 먹기 좋은 산뜻한 칵테일🌱/ 술 하나로 집에서 간단하게 만들자!,n8qYgQKxv4E,160,71218,0,2272
집술 고수가 알려주는 간단안주 모음,DCW_eG0SKTU,34,29990,0,509
발렌타인데이 기념 칵테일 만들기 / 달고 부드러운 칵테일,2Y1UIKmieRU,39,20016,0,579
[마감]늦어서 죄송한 300명 기념 소소한 이벤트 / 작은 선물...받아가쉴..? / 더보기란 필독!,flaCIDq3SwQ,0,525,0,30
칵테일은 이름이 야할수록 맛있다는게 사실일까?!🧐 / 바에서 주문하기 부끄북흐~😉이름이 야시꾸리한 칵테일,4F7OKLLh05k,526,309932,0,5417
🔥칼로리를 포기한다!!! 세가지 핫도그 만들기 / 살사핫도그 / 베이컨 핫도그,PIL_c4b2_CU,13,1147,0,49
중국 현지에서 요리하기 / 까르푸에서 장보기! / 상하이 여행 #1,pMZHfgP9ErY,12,452,0,19
✨겨울백숙 끓이기 / 맛난 양념장 만들기 / 닭죽 끓이기 / 맛있게 만들고 맛있게 먹는 방법!!,9sMKQWJFcBI,6,372,0,27
"[마감]영상보고 🍓딸기청🍓 받아가세요! / 딸기청 만들기, 딸기청 칵테일! / 소소한 200명 구독자 이벤트",lm1dlq9b8sI,0,824,0,32
"❄️든든하고 간단한 간식, 계란빵 만들기 / 에어프라이어 / 겨울간식#2",9Zw_ViTTU7Y,5,1685,0,38
"생강 맛, 카시스 맛 칵테일?🤔생소하지만 맛있는 칵테일 만들기!",X3DfaISAycc,33,17140,0,382
만오천원 장봐서 초간단 7가지 반찬 만들기🍚 / 맛있게 먹는 꿀팁까지! / 한 상 차리기,sms8F1djTXQ,7,727,0,42
"❄️추운겨울, 간단한 어묵탕 만들기! / 따끈따끈 어묵탕 / 겨울간식 #1",4Pqm1KgYtXU,3,623,0,18
색이 변하는 칵테일! 💙💜모히또&진 피즈를 색다르게 마셔보자!,u4BMxqw-AIk,209,161188,0,5548
🍷크리스마스에 어울리는 칵테일 만들기🍸/ 리니비니 크리스마스 #4,1T-iDBsKohY,25,14888,0,406
크리스마스 요리 / 스테이크 트리 만들기🍖 / 리니비니 크리스마스 #3,CCKd85lojPo,5,789,0,37
크리스마스 집 만들기! / 도안 공유 / 리니비니 크리스마스 #2,QLsUN-1gDC8,26,10069,0,124
7가지 트리 장식으로 트리꾸미기! 도안도 다운받아가세요 / 리니비니 크리스마스 #1,olduOPRWUQM,1,975,0,25
100명 기념 아주 소소한 이벤트 / 선물 받아가쉴..?,gzv8fo55HNk,0,260,0,14
겨울과일 귤로 만드는 4가지 간단한 요리,3eGUAtOvdOc,11,6263,0,79
손님들이 바에서 자주 주문하는 칵테일 만들기! 맛있는 칵테일을 만들어보아요 :),uC1JI2yJyQI,618,670863,0,16950
맛있는 다이어트 요리 3가지 만들기,xH7yOILktZk,3,1282,0,41
중국당면떡볶이 맛있게 만들기 / 중국 향신료 라조장,eiyEbeZgqmE,7,1170,0,36
간단하게 만드는 세 가지 마늘요리,pKe8EflrJwI,15,14183,0,149
어느 날 갑자기 어떤 할아부지가.. / 집에 찾아온 노묘 고양이 / 애교만점,WQjnhpVMe54,8,535,0,27
[마켓컬리 간편식 리뷰] 상처만 남은 간편식(양식류) 리뷰😢,RUm6MDFu470,6,335,0,16
"[중국&대만 길거리음식] 쇼좌빙, 유타오 재료 주문해서 만들어먹기 / 자세한 리뷰!",duNq0mNNwAc,6,1673,0,29
[마라탕 +  닭vs돼지vs해물] 뭐가 제일 맛있을까?,BiLHoo2sgSE,9,1457,0,30
[xo굴림만두리뷰] 포장지 조리방법대로 먹어보기 / 만두 전골 만들기 / 초간장과 먹기,lAk5yD1MUqE,6,2940,0,40
[할로윈파티#2] 폭립&순대볶음 만들기! / 파티비용 정리,ixsAYP7B3xM,8,1794,0,54
[할로윈 파티#1] 호박으로 잭오랜턴🎃 만들기 / 할로윈 소품으로 파티룸 꾸미기!,nLdDkg0NDxY,9,10308,0,144
한 잔으로 취해버리고 싶다면? 독한 칵테일 만들기👍,NvTN0xkWlEc,166,36703,0,850
[옥탑방 일상] 집에서 만드는 칵테일 재료들!,5Ms57bZPqcM,78,5819,0,258
🌊칵테일 가서 데메테르 한 잔? (카리브해 편)🐳 / 리니비니 X 데메테르 #1,1KpesGaUzaM,160,9894,0,420
브라질의 국민술! 카샤사 & 카이피리냐 / 이달의 술추천 #1,JGde_Ufv_qI,77,8158,0,327
오늘만은 술 못 먹는 자에게 빙의한다!! 논알콜 칵테일 만들기,TsQR5MX7woE,256,109854,0,3568
럼 하나로 만드는 칵테일 / 간단한 럼 베이스 칵테일🍸,r2aSLzsesEU,172,69799,0,1397
롱티 좋아하는 사람들 모여!!! 롱 아일랜드 아이스티 변형 칵테일 만들기,j1qM2ogJWrs,208,62814,0,1636
화제의 웹드라마 엑스엑스(XX) 집에서 따라해보기,azQ89nKo-rE,105,21666,0,621
술을 사랑하는 자들의 Q&A,dNlHGKjWWZU,91,28440,0,750
칵테일의 재료에는 무엇이 있을까?🧐/ 기주&음료&부재료&가니쉬 알기,KenoHursSes,245,53267,0,1994
🍑자주 쓰이는 과일 향 리큐르 추천!🍈/ 과일 리큐르로 새콤달콤한 과일맛 칵테일 만들기,0kkredqf4aY,177,76004,0,2032
[재업로드] 간단하고 예쁜 세 가지 칵테일 만들기🍋,WELbqdkqFxY,136,57218,0,1272
홈텐딩 도구& 칵테일 기법 소개🍸이건 필수로 알아야 해요!🔥,Yo1IhbQdN90,335,183969,0,6191
[마감]갑툭튀 구독자 이벤트💕,J09reqatUY4,0,6065,0,355
"🍦배라 아이스크림 넣은 칵테일 만들기! / 친구들한테 만들어주면 인기쟁이~ㅎ /바닐라, 요거트, 이상한 나라의 솜사탕, 베리베리 스트로베리",PyCIpgqmeM0,157,36238,0,1230
🔥매콤달달 중독적인 술안주🍺꼬꼬아찌 숯불치킨 따라 만들어보기!,h8rDZNB8pr0,50,6815,0,256
"우유가 들어가 달고 부드러운 칵테일🥛/ 깔루아밀크, 베일리스밀크, 화이트러시안, 캬라멜러시안",5vnCRg83p2w,95,72909,0,1495
간단하지만 있어보이는 술안주👍 / 집에서 감바스 만들어서 배부르게 먹기,WWndLp9SiNw,27,5836,0,236
[마감]자몽&오렌지&키위청 이벤트🥝🍊/ 세가지 과일청 만들기,bmawWeWFaEE,0,3741,0,96
가볍게 먹기 좋은 산뜻한 칵테일🌱/ 술 하나로 집에서 간단하게 만들자!,n8qYgQKxv4E,160,71218,0,2272
집술 고수가 알려주는 간단안주 모음,DCW_eG0SKTU,34,29990,0,509
발렌타인데이 기념 칵테일 만들기 / 달고 부드러운 칵테일,2Y1UIKmieRU,39,20016,0,579
[마감]늦어서 죄송한 300명 기념 소소한 이벤트 / 작은 선물...받아가쉴..? / 더보기란 필독!,flaCIDq3SwQ,0,525,0,30
칵테일은 이름이 야할수록 맛있다는게 사실일까?!🧐 / 바에서 주문하기 부끄북흐~😉이름이 야시꾸리한 칵테일,4F7OKLLh05k,526,309932,0,5417
🔥칼로리를 포기한다!!! 세가지 핫도그 만들기 / 살사핫도그 / 베이컨 핫도그,PIL_c4b2_CU,13,1147,0,49
중국 현지에서 요리하기 / 까르푸에서 장보기! / 상하이 여행 #1,pMZHfgP9ErY,12,452,0,19
✨겨울백숙 끓이기 / 맛난 양념장 만들기 / 닭죽 끓이기 / 맛있게 만들고 맛있게 먹는 방법!!,9sMKQWJFcBI,6,372,0,27
"[마감]영상보고 🍓딸기청🍓 받아가세요! / 딸기청 만들기, 딸기청 칵테일! / 소소한 200명 구독자 이벤트",lm1dlq9b8sI,0,824,0,32
"❄️든든하고 간단한 간식, 계란빵 만들기 / 에어프라이어 / 겨울간식#2",9Zw_ViTTU7Y,5,1685,0,38
"생강 맛, 카시스 맛 칵테일?🤔생소하지만 맛있는 칵테일 만들기!",X3DfaISAycc,33,17140,0,382
만오천원 장봐서 초간단 7가지 반찬 만들기🍚 / 맛있게 먹는 꿀팁까지! / 한 상 차리기,sms8F1djTXQ,7,727,0,42
"❄️추운겨울, 간단한 어묵탕 만들기! / 따끈따끈 어묵탕 / 겨울간식 #1",4Pqm1KgYtXU,3,623,0,18
색이 변하는 칵테일! 💙💜모히또&진 피즈를 색다르게 마셔보자!,u4BMxqw-AIk,209,161188,0,5548
🍷크리스마스에 어울리는 칵테일 만들기🍸/ 리니비니 크리스마스 #4,1T-iDBsKohY,25,14888,0,406
크리스마스 요리 / 스테이크 트리 만들기🍖 / 리니비니 크리스마스 #3,CCKd85lojPo,5,789,0,37
크리스마스 집 만들기! / 도안 공유 / 리니비니 크리스마스 #2,QLsUN-1gDC8,26,10069,0,124
7가지 트리 장식으로 트리꾸미기! 도안도 다운받아가세요 / 리니비니 크리스마스 #1,olduOPRWUQM,1,975,0,25
100명 기념 아주 소소한 이벤트 / 선물 받아가쉴..?,gzv8fo55HNk,0,260,0,14
겨울과일 귤로 만드는 4가지 간단한 요리,3eGUAtOvdOc,11,6263,0,79
손님들이 바에서 자주 주문하는 칵테일 만들기! 맛있는 칵테일을 만들어보아요 :),uC1JI2yJyQI,618,670863,0,16950
맛있는 다이어트 요리 3가지 만들기,xH7yOILktZk,3,1282,0,41
중국당면떡볶이 맛있게 만들기 / 중국 향신료 라조장,eiyEbeZgqmE,7,1170,0,36
간단하게 만드는 세 가지 마늘요리,pKe8EflrJwI,15,14183,0,149
어느 날 갑자기 어떤 할아부지가.. / 집에 찾아온 노묘 고양이 / 애교만점,WQjnhpVMe54,8,535,0,27
[마켓컬리 간편식 리뷰] 상처만 남은 간편식(양식류) 리뷰😢,RUm6MDFu470,6,335,0,16
"[중국&대만 길거리음식] 쇼좌빙, 유타오 재료 주문해서 만들어먹기 / 자세한 리뷰!",duNq0mNNwAc,6,1673,0,29
[마라탕 +  닭vs돼지vs해물] 뭐가 제일 맛있을까?,BiLHoo2sgSE,9,1457,0,30
[xo굴림만두리뷰] 포장지 조리방법대로 먹어보기 / 만두 전골 만들기 / 초간장과 먹기,lAk5yD1MUqE,6,2940,0,40
[할로윈파티#2] 폭립&순대볶음 만들기! / 파티비용 정리,ixsAYP7B3xM,8,1794,0,54
[할로윈 파티#1] 호박으로 잭오랜턴🎃 만들기 / 할로윈 소품으로 파티룸 꾸미기!,nLdDkg0NDxY,9,10308,0,144
흑당버블티 체인점 4개 리뷰! |  타이거슈가 / 쩐주단 / 흑화당 / 공차 |  깔끔&간단 핵심 리뷰,NvTN0xkWlEc,5,6475,0,60
[마켓컬리 간편식 5종리뷰] 밥하기 귀찮은 당신을 위한 간편식 리뷰 / 컬리가 만든 상품,5Ms57bZPqcM,4,1984,0,28
[농부시장 마르쉐] 유기농 재료로 저녁차리기 / 콜드파스타 만들기 / 마르쉐 구경 / 시골의 고요한 저녁,1KpesGaUzaM,6,299,0,15
[마라샹궈소스 3종 리뷰] 집에서 해먹는 마라샹궈,JGde_Ufv_qI,24,26305,0,372
[해리와 술래잡기(?)] 집사를 잡으러 오는 고양이,TsQR5MX7woE,3,248,0,16
[베일리스 딸기맛] 딸기넣은 딸기맛 칵테일 만들기 / 술찐이들 모여라,r2aSLzsesEU,7,3574,0,105
[닭껍질튀김] 뒷북을 울려라~ 둥둥! 집에서 닭껍질 튀겨버리기,j1qM2ogJWrs,3,219,0,12
매일 집에 오는 손님 식사 대접하기 (feat.질투하는 해리),azQ89nKo-rE,6,386,0,28
[통삼겹 짜장면] 집에서만 만들어 먹게되는 마성의 짜장면 / 고기를 듬뿍 넣어야 맛있어요,dNlHGKjWWZU,1,1011,0,19
[집에서 양고기 굽는 영상] 치이익~~~치이이익~~,KenoHursSes,2,237,0,13
[맞고 내기] 화투판 3번 엎은 날 / 스벅 사이렌오더 벌칙 내기,0kkredqf4aY,6,391,0,21
[차가운라면 vs 뜨거운라면] 당신의 선택은..? / 맛있게 끓이는법,WELbqdkqFxY,2,412,0,15
[비니데이#1]  비오는 생일날ㅣ홍대에서 파스타ㅣ친구들 만나기~,Yo1IhbQdN90,3,435,0,12
[잡채] 가족 다 같이 먹을 잡채 만들기,J09reqatUY4,2,102,0,13
[굿즈제작] 언니 생일선물로 개인굿즈 7종 직접 만들기 / 굿즈 언박싱 / 고퀄 굿즈,PyCIpgqmeM0,41,13993,0,464
간단하게 만드는 세 가지 양파요리,h8rDZNB8pr0,5,9248,0,61
[나폴리탄] 별 재료 없이도 있어보이기~! / 새콤달콤 초딩입맛 파스타,5vnCRg83p2w,3,265,0,16
[해리 생일특집] 우리집 고양이 생일기념 / 어릴적 모습을 담았어요 / 심쿵주의,WWndLp9SiNw,6,474,0,46
[참치캔파스타 + 맥주] 세상에서 가장 간단한 파스타,bmawWeWFaEE,3,411,0,27
[마라기름떡볶이 + 맥주] 매콤달콤 마라떡볶이 / 남은 마라소스 활용하기,n8qYgQKxv4E,5,530,0,21
[마라탕소스 4종 리뷰] 집에서 해먹는 마라탕,DCW_eG0SKTU,271,237413,0,2755
[아무거나볶음밥 + 맥주] 냉장고 정리가 필요할땐? 아무거나 볶아요,2Y1UIKmieRU,3,125,0,10
(ENG CC)[해장라면] 얼큰한 라면으로 해장하기,flaCIDq3SwQ,5,296,0,11
[카나페파뤼] 친구들이 놀러온 날 식모 언니를 소환해보았다,4F7OKLLh05k,3,258,0,18
[김치비빔국수 + 맥주] 손 큰 여자의 매콤시원 비빔국수,PIL_c4b2_CU,3,172,0,16
(ENG CC)[케밥 + 진토닉] 오늘 뭐먹지? 한끼로 든든한 케밥짱,pMZHfgP9ErY,5,307,0,19
[슈가자몽 + 엑스레이티드] 애슐리 슈가자몽 만들기 (침샘주의),9sMKQWJFcBI,8,2859,0,47
[파피요트 + 샴페인] 술에 찐 생선의 참맛,lm1dlq9b8sI,3,838,0,26
[쏘야 + 맥주 + 유전] 이걸 보는 순간 오늘 야식 쏘야. 가즈아~,9Zw_ViTTU7Y,4,255,0,16
[버섯전골 + 진로토닉] 비오고 습한 날 버섯전골에 소주까지 마시면 크으~ 세상이 아름다워,X3DfaISAycc,5,415,0,23
(ENG CC)[계란 샌드위치 + 블루하와이] 안먹어보면 후회하는 여름 술안주조합!!!,sms8F1djTXQ,3,493,0,28
[토마토설탕절임 + 꼬냑 + 베르사유] 목욕하면서 술과 안주★ 혐생에서 리프레시하자!,4Pqm1KgYtXU,4,605,0,30
(ENG CC) / [불닭볶음면 + 화이트러시안 + 영화'킬빌'] 불닭엔 리얼 닭고기가 들어가야 제맛ㅎ 무더위엔 시원한 칵테일과 즐기는 불닭볶음면,u4BMxqw-AIk,11,845,0,43
[예고편]술과 안주를 좋아하십니까?? 저희와 함께하시죠!!!,1T-iDBsKohY,15,1596,0,60
흑당버블티 체인점 4개 리뷰! |  타이거슈가 / 쩐주단 / 흑화당 / 공차 |  깔끔&간단 핵심 리뷰,CCKd85lojPo,5,6475,0,60
[마켓컬리 간편식 5종리뷰] 밥하기 귀찮은 당신을 위한 간편식 리뷰 / 컬리가 만든 상품,QLsUN-1gDC8,4,1984,0,28
[농부시장 마르쉐] 유기농 재료로 저녁차리기 / 콜드파스타 만들기 / 마르쉐 구경 / 시골의 고요한 저녁,olduOPRWUQM,6,299,0,15
[마라샹궈소스 3종 리뷰] 집에서 해먹는 마라샹궈,gzv8fo55HNk,24,26305,0,372
[해리와 술래잡기(?)] 집사를 잡으러 오는 고양이,3eGUAtOvdOc,3,248,0,16
[베일리스 딸기맛] 딸기넣은 딸기맛 칵테일 만들기 / 술찐이들 모여라,uC1JI2yJyQI,7,3574,0,105
[닭껍질튀김] 뒷북을 울려라~ 둥둥! 집에서 닭껍질 튀겨버리기,xH7yOILktZk,3,219,0,12
매일 집에 오는 손님 식사 대접하기 (feat.질투하는 해리),eiyEbeZgqmE,6,386,0,28
[통삼겹 짜장면] 집에서만 만들어 먹게되는 마성의 짜장면 / 고기를 듬뿍 넣어야 맛있어요,pKe8EflrJwI,1,1011,0,19
[집에서 양고기 굽는 영상] 치이익~~~치이이익~~,WQjnhpVMe54,2,237,0,13
[맞고 내기] 화투판 3번 엎은 날 / 스벅 사이렌오더 벌칙 내기,RUm6MDFu470,6,391,0,21
[차가운라면 vs 뜨거운라면] 당신의 선택은..? / 맛있게 끓이는법,duNq0mNNwAc,2,412,0,15
[비니데이#1]  비오는 생일날ㅣ홍대에서 파스타ㅣ친구들 만나기~,BiLHoo2sgSE,3,435,0,12
[잡채] 가족 다 같이 먹을 잡채 만들기,lAk5yD1MUqE,2,102,0,13
[굿즈제작] 언니 생일선물로 개인굿즈 7종 직접 만들기 / 굿즈 언박싱 / 고퀄 굿즈,ixsAYP7B3xM,41,13993,0,464
간단하게 만드는 세 가지 양파요리,nLdDkg0NDxY,5,9248,0,61
[나폴리탄] 별 재료 없이도 있어보이기~! / 새콤달콤 초딩입맛 파스타,NvTN0xkWlEc,3,265,0,16
[해리 생일특집] 우리집 고양이 생일기념 / 어릴적 모습을 담았어요 / 심쿵주의,5Ms57bZPqcM,6,474,0,46
[참치캔파스타 + 맥주] 세상에서 가장 간단한 파스타,1KpesGaUzaM,3,411,0,27
[마라기름떡볶이 + 맥주] 매콤달콤 마라떡볶이 / 남은 마라소스 활용하기,JGde_Ufv_qI,5,530,0,21
[마라탕소스 4종 리뷰] 집에서 해먹는 마라탕,TsQR5MX7woE,271,237413,0,2755
[아무거나볶음밥 + 맥주] 냉장고 정리가 필요할땐? 아무거나 볶아요,r2aSLzsesEU,3,125,0,10
(ENG CC)[해장라면] 얼큰한 라면으로 해장하기,j1qM2ogJWrs,5,296,0,11
[카나페파뤼] 친구들이 놀러온 날 식모 언니를 소환해보았다,azQ89nKo-rE,3,258,0,18
[김치비빔국수 + 맥주] 손 큰 여자의 매콤시원 비빔국수,dNlHGKjWWZU,3,172,0,16
(ENG CC)[케밥 + 진토닉] 오늘 뭐먹지? 한끼로 든든한 케밥짱,KenoHursSes,5,307,0,19
[슈가자몽 + 엑스레이티드] 애슐리 슈가자몽 만들기 (침샘주의),0kkredqf4aY,8,2859,0,47
[파피요트 + 샴페인] 술에 찐 생선의 참맛,WELbqdkqFxY,3,838,0,26
[쏘야 + 맥주 + 유전] 이걸 보는 순간 오늘 야식 쏘야. 가즈아~,Yo1IhbQdN90,4,255,0,16
[버섯전골 + 진로토닉] 비오고 습한 날 버섯전골에 소주까지 마시면 크으~ 세상이 아름다워,J09reqatUY4,5,415,0,23
(ENG CC)[계란 샌드위치 + 블루하와이] 안먹어보면 후회하는 여름 술안주조합!!!,PyCIpgqmeM0,3,493,0,28
[토마토설탕절임 + 꼬냑 + 베르사유] 목욕하면서 술과 안주★ 혐생에서 리프레시하자!,h8rDZNB8pr0,4,605,0,30
(ENG CC) / [불닭볶음면 + 화이트러시안 + 영화'킬빌'] 불닭엔 리얼 닭고기가 들어가야 제맛ㅎ 무더위엔 시원한 칵테일과 즐기는 불닭볶음면,5vnCRg83p2w,11,845,0,43
[예고편]술과 안주를 좋아하십니까?? 저희와 함께하시죠!!!,WWndLp9SiNw,15,1596,0,60
